task,model_type,model_name,noise_type,evaluation_scope,true_label,pred_label,num_errors
sentiment,baseline,majority_class,clean,full,negative,positive,1409
sentiment,baseline,majority_class,clean,full,neutral,positive,167
sentiment,baseline,majority_class,domain_abbreviation,full,negative,positive,1409
sentiment,baseline,majority_class,domain_abbreviation,changed_only,negative,positive,761
sentiment,baseline,majority_class,domain_abbreviation,full,neutral,positive,167
sentiment,baseline,majority_class,domain_abbreviation,changed_only,neutral,positive,56
sentiment,baseline,majority_class,elongation,changed_only,negative,positive,1409
sentiment,baseline,majority_class,elongation,full,negative,positive,1409
sentiment,baseline,majority_class,elongation,full,neutral,positive,167
sentiment,baseline,majority_class,elongation,changed_only,neutral,positive,166
sentiment,baseline,majority_class,mixed_noise,full,negative,positive,1409
sentiment,baseline,majority_class,mixed_noise,changed_only,negative,positive,1399
sentiment,baseline,majority_class,mixed_noise,full,neutral,positive,167
sentiment,baseline,majority_class,mixed_noise,changed_only,neutral,positive,161
sentiment,baseline,majority_class,no_accent,full,negative,positive,1409
sentiment,baseline,majority_class,no_accent,changed_only,negative,positive,1408
sentiment,baseline,majority_class,no_accent,full,neutral,positive,167
sentiment,baseline,majority_class,no_accent,changed_only,neutral,positive,166
sentiment,baseline,majority_class,teencode_colloquial,full,negative,positive,1409
sentiment,baseline,majority_class,teencode_colloquial,changed_only,negative,positive,780
sentiment,baseline,majority_class,teencode_colloquial,full,neutral,positive,167
sentiment,baseline,majority_class,teencode_colloquial,changed_only,neutral,positive,54
sentiment,baseline,majority_class,typo,full,negative,positive,1409
sentiment,baseline,majority_class,typo,changed_only,negative,positive,1382
sentiment,baseline,majority_class,typo,full,neutral,positive,167
sentiment,baseline,majority_class,typo,changed_only,neutral,positive,149
sentiment,phobert,phobert_base,clean,full,positive,negative,50
sentiment,phobert,phobert_base,clean,full,neutral,positive,47
sentiment,phobert,phobert_base,clean,full,negative,positive,35
sentiment,phobert,phobert_base,clean,full,negative,neutral,30
sentiment,phobert,phobert_base,clean,full,neutral,negative,28
sentiment,phobert,phobert_base,clean,full,positive,neutral,24
sentiment,phobert,phobert_base,domain_abbreviation,full,positive,negative,54
sentiment,phobert,phobert_base,domain_abbreviation,full,neutral,positive,44
sentiment,phobert,phobert_base,domain_abbreviation,full,negative,positive,37
sentiment,phobert,phobert_base,domain_abbreviation,full,negative,neutral,34
sentiment,phobert,phobert_base,domain_abbreviation,full,positive,neutral,32
sentiment,phobert,phobert_base,domain_abbreviation,changed_only,positive,negative,29
sentiment,phobert,phobert_base,domain_abbreviation,full,neutral,negative,27
sentiment,phobert,phobert_base,domain_abbreviation,changed_only,negative,positive,22
sentiment,phobert,phobert_base,domain_abbreviation,changed_only,positive,neutral,17
sentiment,phobert,phobert_base,domain_abbreviation,changed_only,neutral,positive,16
sentiment,phobert,phobert_base,domain_abbreviation,changed_only,negative,neutral,14
sentiment,phobert,phobert_base,domain_abbreviation,changed_only,neutral,negative,5
sentiment,phobert,phobert_base,elongation,changed_only,positive,negative,56
sentiment,phobert,phobert_base,elongation,full,positive,negative,56
sentiment,phobert,phobert_base,elongation,changed_only,neutral,positive,45
sentiment,phobert,phobert_base,elongation,full,neutral,positive,45
sentiment,phobert,phobert_base,elongation,changed_only,negative,positive,43
sentiment,phobert,phobert_base,elongation,full,negative,positive,43
sentiment,phobert,phobert_base,elongation,changed_only,negative,neutral,42
sentiment,phobert,phobert_base,elongation,full,negative,neutral,42
sentiment,phobert,phobert_base,elongation,changed_only,positive,neutral,37
sentiment,phobert,phobert_base,elongation,full,positive,neutral,37
sentiment,phobert,phobert_base,elongation,changed_only,neutral,negative,36
sentiment,phobert,phobert_base,elongation,full,neutral,negative,36
sentiment,phobert,phobert_base,mixed_noise,full,positive,negative,73
sentiment,phobert,phobert_base,mixed_noise,changed_only,positive,negative,72
sentiment,phobert,phobert_base,mixed_noise,full,positive,neutral,70
sentiment,phobert,phobert_base,mixed_noise,changed_only,positive,neutral,69
sentiment,phobert,phobert_base,mixed_noise,changed_only,negative,neutral,66
sentiment,phobert,phobert_base,mixed_noise,full,negative,neutral,66
sentiment,phobert,phobert_base,mixed_noise,changed_only,negative,positive,61
sentiment,phobert,phobert_base,mixed_noise,full,negative,positive,61
sentiment,phobert,phobert_base,mixed_noise,full,neutral,positive,41
sentiment,phobert,phobert_base,mixed_noise,changed_only,neutral,positive,40
sentiment,phobert,phobert_base,mixed_noise,full,neutral,negative,32
sentiment,phobert,phobert_base,mixed_noise,changed_only,neutral,negative,31
sentiment,phobert,phobert_base,no_accent,full,negative,neutral,795
sentiment,phobert,phobert_base,no_accent,changed_only,negative,neutral,794
sentiment,phobert,phobert_base,no_accent,full,positive,neutral,665
sentiment,phobert,phobert_base,no_accent,changed_only,positive,neutral,664
sentiment,phobert,phobert_base,no_accent,changed_only,negative,positive,400
sentiment,phobert,phobert_base,no_accent,full,negative,positive,400
sentiment,phobert,phobert_base,no_accent,changed_only,positive,negative,125
sentiment,phobert,phobert_base,no_accent,full,positive,negative,125
sentiment,phobert,phobert_base,no_accent,changed_only,neutral,positive,31
sentiment,phobert,phobert_base,no_accent,full,neutral,positive,31
sentiment,phobert,phobert_base,no_accent,changed_only,neutral,negative,14
sentiment,phobert,phobert_base,no_accent,full,neutral,negative,14
sentiment,phobert,phobert_base,teencode_colloquial,full,positive,negative,58
sentiment,phobert,phobert_base,teencode_colloquial,full,negative,neutral,47
sentiment,phobert,phobert_base,teencode_colloquial,full,neutral,positive,46
sentiment,phobert,phobert_base,teencode_colloquial,full,negative,positive,45
sentiment,phobert,phobert_base,teencode_colloquial,changed_only,positive,negative,36
sentiment,phobert,phobert_base,teencode_colloquial,full,positive,neutral,33
sentiment,phobert,phobert_base,teencode_colloquial,full,neutral,negative,30
sentiment,phobert,phobert_base,teencode_colloquial,changed_only,negative,positive,29
sentiment,phobert,phobert_base,teencode_colloquial,changed_only,negative,neutral,27
sentiment,phobert,phobert_base,teencode_colloquial,changed_only,neutral,positive,17
sentiment,phobert,phobert_base,teencode_colloquial,changed_only,positive,neutral,15
sentiment,phobert,phobert_base,teencode_colloquial,changed_only,neutral,negative,13
sentiment,phobert,phobert_base,typo,full,positive,negative,72
sentiment,phobert,phobert_base,typo,changed_only,positive,negative,71
sentiment,phobert,phobert_base,typo,full,negative,positive,70
sentiment,phobert,phobert_base,typo,changed_only,negative,positive,69
sentiment,phobert,phobert_base,typo,full,negative,neutral,54
sentiment,phobert,phobert_base,typo,changed_only,negative,neutral,53
sentiment,phobert,phobert_base,typo,full,positive,neutral,43
sentiment,phobert,phobert_base,typo,changed_only,positive,neutral,41
sentiment,phobert,phobert_base,typo,full,neutral,positive,39
sentiment,phobert,phobert_base,typo,full,neutral,negative,38
sentiment,phobert,phobert_base,typo,changed_only,neutral,positive,36
sentiment,phobert,phobert_base,typo,changed_only,neutral,negative,35
sentiment,baseline,tfidf_char_svm,clean,full,positive,negative,120
sentiment,baseline,tfidf_char_svm,clean,full,negative,positive,69
sentiment,baseline,tfidf_char_svm,clean,full,negative,neutral,63
sentiment,baseline,tfidf_char_svm,clean,full,neutral,negative,53
sentiment,baseline,tfidf_char_svm,clean,full,positive,neutral,51
sentiment,baseline,tfidf_char_svm,clean,full,neutral,positive,43
sentiment,baseline,tfidf_char_svm,domain_abbreviation,full,positive,negative,120
sentiment,baseline,tfidf_char_svm,domain_abbreviation,full,negative,neutral,72
sentiment,baseline,tfidf_char_svm,domain_abbreviation,full,negative,positive,60
sentiment,baseline,tfidf_char_svm,domain_abbreviation,changed_only,positive,negative,56
sentiment,baseline,tfidf_char_svm,domain_abbreviation,full,positive,neutral,53
sentiment,baseline,tfidf_char_svm,domain_abbreviation,full,neutral,negative,50
sentiment,baseline,tfidf_char_svm,domain_abbreviation,full,neutral,positive,41
sentiment,baseline,tfidf_char_svm,domain_abbreviation,changed_only,negative,neutral,32
sentiment,baseline,tfidf_char_svm,domain_abbreviation,changed_only,negative,positive,29
sentiment,baseline,tfidf_char_svm,domain_abbreviation,changed_only,neutral,negative,19
sentiment,baseline,tfidf_char_svm,domain_abbreviation,changed_only,neutral,positive,15
sentiment,baseline,tfidf_char_svm,domain_abbreviation,changed_only,positive,neutral,15
sentiment,baseline,tfidf_char_svm,elongation,changed_only,positive,negative,117
sentiment,baseline,tfidf_char_svm,elongation,full,positive,negative,117
sentiment,baseline,tfidf_char_svm,elongation,changed_only,negative,neutral,66
sentiment,baseline,tfidf_char_svm,elongation,full,negative,neutral,66
sentiment,baseline,tfidf_char_svm,elongation,changed_only,negative,positive,61
sentiment,baseline,tfidf_char_svm,elongation,full,negative,positive,61
sentiment,baseline,tfidf_char_svm,elongation,changed_only,positive,neutral,53
sentiment,baseline,tfidf_char_svm,elongation,full,positive,neutral,53
sentiment,baseline,tfidf_char_svm,elongation,changed_only,neutral,negative,50
sentiment,baseline,tfidf_char_svm,elongation,full,neutral,negative,50
sentiment,baseline,tfidf_char_svm,elongation,changed_only,neutral,positive,41
sentiment,baseline,tfidf_char_svm,elongation,full,neutral,positive,41
sentiment,baseline,tfidf_char_svm,mixed_noise,changed_only,negative,positive,122
sentiment,baseline,tfidf_char_svm,mixed_noise,full,negative,positive,122
sentiment,baseline,tfidf_char_svm,mixed_noise,full,positive,negative,120
sentiment,baseline,tfidf_char_svm,mixed_noise,changed_only,positive,negative,119
sentiment,baseline,tfidf_char_svm,mixed_noise,full,negative,neutral,115
sentiment,baseline,tfidf_char_svm,mixed_noise,changed_only,negative,neutral,114
sentiment,baseline,tfidf_char_svm,mixed_noise,full,positive,neutral,74
sentiment,baseline,tfidf_char_svm,mixed_noise,changed_only,positive,neutral,72
sentiment,baseline,tfidf_char_svm,mixed_noise,full,neutral,negative,46
sentiment,baseline,tfidf_char_svm,mixed_noise,changed_only,neutral,negative,45
sentiment,baseline,tfidf_char_svm,mixed_noise,full,neutral,positive,37
sentiment,baseline,tfidf_char_svm,mixed_noise,changed_only,neutral,positive,35
sentiment,baseline,tfidf_char_svm,no_accent,changed_only,positive,neutral,471
sentiment,baseline,tfidf_char_svm,no_accent,full,positive,neutral,471
sentiment,baseline,tfidf_char_svm,no_accent,full,negative,neutral,453
sentiment,baseline,tfidf_char_svm,no_accent,changed_only,negative,neutral,452
sentiment,baseline,tfidf_char_svm,no_accent,full,positive,negative,395
sentiment,baseline,tfidf_char_svm,no_accent,changed_only,positive,negative,394
sentiment,baseline,tfidf_char_svm,no_accent,changed_only,negative,positive,306
sentiment,baseline,tfidf_char_svm,no_accent,full,negative,positive,306
sentiment,baseline,tfidf_char_svm,no_accent,changed_only,neutral,negative,47
sentiment,baseline,tfidf_char_svm,no_accent,full,neutral,negative,47
sentiment,baseline,tfidf_char_svm,no_accent,changed_only,neutral,positive,32
sentiment,baseline,tfidf_char_svm,no_accent,full,neutral,positive,32
sentiment,baseline,tfidf_char_svm,teencode_colloquial,full,negative,positive,146
sentiment,baseline,tfidf_char_svm,teencode_colloquial,changed_only,negative,positive,116
sentiment,baseline,tfidf_char_svm,teencode_colloquial,full,positive,negative,110
sentiment,baseline,tfidf_char_svm,teencode_colloquial,full,negative,neutral,98
sentiment,baseline,tfidf_char_svm,teencode_colloquial,changed_only,negative,neutral,69
sentiment,baseline,tfidf_char_svm,teencode_colloquial,changed_only,positive,negative,62
sentiment,baseline,tfidf_char_svm,teencode_colloquial,full,positive,neutral,57
sentiment,baseline,tfidf_char_svm,teencode_colloquial,full,neutral,negative,51
sentiment,baseline,tfidf_char_svm,teencode_colloquial,full,neutral,positive,43
sentiment,baseline,tfidf_char_svm,teencode_colloquial,changed_only,neutral,negative,21
sentiment,baseline,tfidf_char_svm,teencode_colloquial,changed_only,positive,neutral,20
sentiment,baseline,tfidf_char_svm,teencode_colloquial,changed_only,neutral,positive,14
sentiment,baseline,tfidf_char_svm,typo,full,positive,negative,134
sentiment,baseline,tfidf_char_svm,typo,changed_only,positive,negative,133
sentiment,baseline,tfidf_char_svm,typo,changed_only,negative,positive,97
sentiment,baseline,tfidf_char_svm,typo,full,negative,positive,97
sentiment,baseline,tfidf_char_svm,typo,full,negative,neutral,84
sentiment,baseline,tfidf_char_svm,typo,changed_only,negative,neutral,82
sentiment,baseline,tfidf_char_svm,typo,full,positive,neutral,68
sentiment,baseline,tfidf_char_svm,typo,changed_only,positive,neutral,64
sentiment,baseline,tfidf_char_svm,typo,full,neutral,negative,55
sentiment,baseline,tfidf_char_svm,typo,changed_only,neutral,negative,51
sentiment,baseline,tfidf_char_svm,typo,full,neutral,positive,42
sentiment,baseline,tfidf_char_svm,typo,changed_only,neutral,positive,39
sentiment,baseline,tfidf_word_svm,clean,full,positive,negative,115
sentiment,baseline,tfidf_word_svm,clean,full,neutral,negative,63
sentiment,baseline,tfidf_word_svm,clean,full,neutral,positive,55
sentiment,baseline,tfidf_word_svm,clean,full,negative,positive,48
sentiment,baseline,tfidf_word_svm,clean,full,positive,neutral,32
sentiment,baseline,tfidf_word_svm,clean,full,negative,neutral,29
sentiment,baseline,tfidf_word_svm,domain_abbreviation,full,positive,negative,114
sentiment,baseline,tfidf_word_svm,domain_abbreviation,full,neutral,negative,62
sentiment,baseline,tfidf_word_svm,domain_abbreviation,changed_only,positive,negative,55
sentiment,baseline,tfidf_word_svm,domain_abbreviation,full,negative,positive,52
sentiment,baseline,tfidf_word_svm,domain_abbreviation,full,neutral,positive,52
sentiment,baseline,tfidf_word_svm,domain_abbreviation,full,positive,neutral,31
sentiment,baseline,tfidf_word_svm,domain_abbreviation,full,negative,neutral,28
sentiment,baseline,tfidf_word_svm,domain_abbreviation,changed_only,negative,positive,26
sentiment,baseline,tfidf_word_svm,domain_abbreviation,changed_only,neutral,negative,24
sentiment,baseline,tfidf_word_svm,domain_abbreviation,changed_only,neutral,positive,18
sentiment,baseline,tfidf_word_svm,domain_abbreviation,changed_only,negative,neutral,10
sentiment,baseline,tfidf_word_svm,domain_abbreviation,changed_only,positive,neutral,9
sentiment,baseline,tfidf_word_svm,elongation,changed_only,positive,negative,131
sentiment,baseline,tfidf_word_svm,elongation,full,positive,negative,131
sentiment,baseline,tfidf_word_svm,elongation,changed_only,negative,positive,74
sentiment,baseline,tfidf_word_svm,elongation,full,negative,positive,74
sentiment,baseline,tfidf_word_svm,elongation,changed_only,neutral,negative,66
sentiment,baseline,tfidf_word_svm,elongation,full,neutral,negative,66
sentiment,baseline,tfidf_word_svm,elongation,changed_only,neutral,positive,50
sentiment,baseline,tfidf_word_svm,elongation,full,neutral,positive,50
sentiment,baseline,tfidf_word_svm,elongation,changed_only,negative,neutral,43
sentiment,baseline,tfidf_word_svm,elongation,full,negative,neutral,43
sentiment,baseline,tfidf_word_svm,elongation,changed_only,positive,neutral,37
sentiment,baseline,tfidf_word_svm,elongation,full,positive,neutral,37
sentiment,baseline,tfidf_word_svm,mixed_noise,changed_only,negative,positive,138
sentiment,baseline,tfidf_word_svm,mixed_noise,full,negative,positive,138
sentiment,baseline,tfidf_word_svm,mixed_noise,full,positive,negative,124
sentiment,baseline,tfidf_word_svm,mixed_noise,changed_only,positive,negative,123
sentiment,baseline,tfidf_word_svm,mixed_noise,full,positive,neutral,60
sentiment,baseline,tfidf_word_svm,mixed_noise,changed_only,negative,neutral,59
sentiment,baseline,tfidf_word_svm,mixed_noise,full,negative,neutral,59
sentiment,baseline,tfidf_word_svm,mixed_noise,changed_only,positive,neutral,58
sentiment,baseline,tfidf_word_svm,mixed_noise,full,neutral,negative,58
sentiment,baseline,tfidf_word_svm,mixed_noise,changed_only,neutral,negative,56
sentiment,baseline,tfidf_word_svm,mixed_noise,full,neutral,positive,51
sentiment,baseline,tfidf_word_svm,mixed_noise,changed_only,neutral,positive,49
sentiment,baseline,tfidf_word_svm,no_accent,changed_only,positive,negative,610
sentiment,baseline,tfidf_word_svm,no_accent,full,positive,negative,610
sentiment,baseline,tfidf_word_svm,no_accent,full,negative,neutral,494
sentiment,baseline,tfidf_word_svm,no_accent,changed_only,negative,neutral,493
sentiment,baseline,tfidf_word_svm,no_accent,full,positive,neutral,482
sentiment,baseline,tfidf_word_svm,no_accent,changed_only,positive,neutral,481
sentiment,baseline,tfidf_word_svm,no_accent,changed_only,negative,positive,215
sentiment,baseline,tfidf_word_svm,no_accent,full,negative,positive,215
sentiment,baseline,tfidf_word_svm,no_accent,changed_only,neutral,negative,53
sentiment,baseline,tfidf_word_svm,no_accent,full,neutral,negative,53
sentiment,baseline,tfidf_word_svm,no_accent,changed_only,neutral,positive,24
sentiment,baseline,tfidf_word_svm,no_accent,full,neutral,positive,24
sentiment,baseline,tfidf_word_svm,teencode_colloquial,full,negative,positive,119
sentiment,baseline,tfidf_word_svm,teencode_colloquial,full,positive,negative,112
sentiment,baseline,tfidf_word_svm,teencode_colloquial,changed_only,negative,positive,92
sentiment,baseline,tfidf_word_svm,teencode_colloquial,changed_only,positive,negative,62
sentiment,baseline,tfidf_word_svm,teencode_colloquial,full,neutral,positive,60
sentiment,baseline,tfidf_word_svm,teencode_colloquial,full,neutral,negative,59
sentiment,baseline,tfidf_word_svm,teencode_colloquial,full,negative,neutral,43
sentiment,baseline,tfidf_word_svm,teencode_colloquial,full,positive,neutral,40
sentiment,baseline,tfidf_word_svm,teencode_colloquial,changed_only,negative,neutral,31
sentiment,baseline,tfidf_word_svm,teencode_colloquial,changed_only,neutral,negative,21
sentiment,baseline,tfidf_word_svm,teencode_colloquial,changed_only,positive,neutral,19
sentiment,baseline,tfidf_word_svm,teencode_colloquial,changed_only,neutral,positive,18
sentiment,baseline,tfidf_word_svm,typo,full,positive,negative,129
sentiment,baseline,tfidf_word_svm,typo,changed_only,positive,negative,128
sentiment,baseline,tfidf_word_svm,typo,changed_only,negative,positive,76
sentiment,baseline,tfidf_word_svm,typo,full,negative,positive,76
sentiment,baseline,tfidf_word_svm,typo,full,neutral,negative,68
sentiment,baseline,tfidf_word_svm,typo,changed_only,neutral,negative,62
sentiment,baseline,tfidf_word_svm,typo,full,neutral,positive,49
sentiment,baseline,tfidf_word_svm,typo,changed_only,neutral,positive,44
sentiment,baseline,tfidf_word_svm,typo,full,positive,neutral,41
sentiment,baseline,tfidf_word_svm,typo,changed_only,positive,neutral,37
sentiment,baseline,tfidf_word_svm,typo,full,negative,neutral,36
sentiment,baseline,tfidf_word_svm,typo,changed_only,negative,neutral,35
topic,baseline,majority_class,clean,full,training_program,lecturer,572
topic,baseline,majority_class,clean,full,others,lecturer,159
topic,baseline,majority_class,clean,full,facility,lecturer,145
topic,baseline,majority_class,domain_abbreviation,full,training_program,lecturer,572
topic,baseline,majority_class,domain_abbreviation,changed_only,training_program,lecturer,351
topic,baseline,majority_class,domain_abbreviation,full,others,lecturer,159
topic,baseline,majority_class,domain_abbreviation,full,facility,lecturer,145
topic,baseline,majority_class,domain_abbreviation,changed_only,facility,lecturer,91
topic,baseline,majority_class,domain_abbreviation,changed_only,others,lecturer,28
topic,baseline,majority_class,elongation,changed_only,training_program,lecturer,572
topic,baseline,majority_class,elongation,full,training_program,lecturer,572
topic,baseline,majority_class,elongation,full,others,lecturer,159
topic,baseline,majority_class,elongation,changed_only,others,lecturer,157
topic,baseline,majority_class,elongation,changed_only,facility,lecturer,145
topic,baseline,majority_class,elongation,full,facility,lecturer,145
topic,baseline,majority_class,mixed_noise,full,training_program,lecturer,572
topic,baseline,majority_class,mixed_noise,changed_only,training_program,lecturer,568
topic,baseline,majority_class,mixed_noise,full,others,lecturer,159
topic,baseline,majority_class,mixed_noise,changed_only,others,lecturer,150
topic,baseline,majority_class,mixed_noise,changed_only,facility,lecturer,145
topic,baseline,majority_class,mixed_noise,full,facility,lecturer,145
topic,baseline,majority_class,no_accent,changed_only,training_program,lecturer,572
topic,baseline,majority_class,no_accent,full,training_program,lecturer,572
topic,baseline,majority_class,no_accent,full,others,lecturer,159
topic,baseline,majority_class,no_accent,changed_only,others,lecturer,157
topic,baseline,majority_class,no_accent,changed_only,facility,lecturer,145
topic,baseline,majority_class,no_accent,full,facility,lecturer,145
topic,baseline,majority_class,teencode_colloquial,full,training_program,lecturer,572
topic,baseline,majority_class,teencode_colloquial,changed_only,training_program,lecturer,291
topic,baseline,majority_class,teencode_colloquial,full,others,lecturer,159
topic,baseline,majority_class,teencode_colloquial,full,facility,lecturer,145
topic,baseline,majority_class,teencode_colloquial,changed_only,others,lecturer,69
topic,baseline,majority_class,teencode_colloquial,changed_only,facility,lecturer,64
topic,baseline,majority_class,typo,full,training_program,lecturer,572
topic,baseline,majority_class,typo,changed_only,training_program,lecturer,554
topic,baseline,majority_class,typo,full,others,lecturer,159
topic,baseline,majority_class,typo,changed_only,facility,lecturer,145
topic,baseline,majority_class,typo,full,facility,lecturer,145
topic,baseline,majority_class,typo,changed_only,others,lecturer,133
topic,phobert,phobert_base,clean,full,lecturer,training_program,91
topic,phobert,phobert_base,clean,full,training_program,lecturer,90
topic,phobert,phobert_base,clean,full,others,lecturer,43
topic,phobert,phobert_base,clean,full,others,training_program,38
topic,phobert,phobert_base,clean,full,lecturer,others,19
topic,phobert,phobert_base,clean,full,training_program,others,15
topic,phobert,phobert_base,clean,full,facility,lecturer,6
topic,phobert,phobert_base,clean,full,training_program,facility,6
topic,phobert,phobert_base,clean,full,lecturer,facility,5
topic,phobert,phobert_base,clean,full,facility,training_program,3
topic,phobert,phobert_base,clean,full,others,facility,2
topic,phobert,phobert_base,clean,full,facility,others,1
topic,phobert,phobert_base,domain_abbreviation,full,lecturer,training_program,147
topic,phobert,phobert_base,domain_abbreviation,full,training_program,lecturer,136
topic,phobert,phobert_base,domain_abbreviation,changed_only,lecturer,training_program,106
topic,phobert,phobert_base,domain_abbreviation,changed_only,training_program,lecturer,94
topic,phobert,phobert_base,domain_abbreviation,full,others,lecturer,45
topic,phobert,phobert_base,domain_abbreviation,full,lecturer,others,39
topic,phobert,phobert_base,domain_abbreviation,full,others,training_program,35
topic,phobert,phobert_base,domain_abbreviation,full,training_program,others,30
topic,phobert,phobert_base,domain_abbreviation,changed_only,lecturer,others,22
topic,phobert,phobert_base,domain_abbreviation,changed_only,training_program,others,18
topic,phobert,phobert_base,domain_abbreviation,changed_only,others,lecturer,15
topic,phobert,phobert_base,domain_abbreviation,full,facility,lecturer,10
topic,phobert,phobert_base,domain_abbreviation,full,lecturer,facility,9
topic,phobert,phobert_base,domain_abbreviation,changed_only,others,training_program,8
topic,phobert,phobert_base,domain_abbreviation,changed_only,lecturer,facility,7
topic,phobert,phobert_base,domain_abbreviation,full,facility,others,7
topic,phobert,phobert_base,domain_abbreviation,changed_only,facility,others,6
topic,phobert,phobert_base,domain_abbreviation,changed_only,facility,lecturer,5
topic,phobert,phobert_base,domain_abbreviation,full,facility,training_program,5
topic,phobert,phobert_base,domain_abbreviation,full,training_program,facility,5
topic,phobert,phobert_base,domain_abbreviation,changed_only,facility,training_program,4
topic,phobert,phobert_base,domain_abbreviation,changed_only,training_program,facility,3
topic,phobert,phobert_base,domain_abbreviation,full,others,facility,2
topic,phobert,phobert_base,elongation,changed_only,lecturer,training_program,102
topic,phobert,phobert_base,elongation,full,lecturer,training_program,102
topic,phobert,phobert_base,elongation,changed_only,training_program,lecturer,92
topic,phobert,phobert_base,elongation,full,training_program,lecturer,92
topic,phobert,phobert_base,elongation,changed_only,others,lecturer,49
topic,phobert,phobert_base,elongation,full,others,lecturer,49
topic,phobert,phobert_base,elongation,changed_only,others,training_program,38
topic,phobert,phobert_base,elongation,full,others,training_program,38
topic,phobert,phobert_base,elongation,changed_only,lecturer,others,30
topic,phobert,phobert_base,elongation,full,lecturer,others,30
topic,phobert,phobert_base,elongation,changed_only,training_program,others,26
topic,phobert,phobert_base,elongation,full,training_program,others,26
topic,phobert,phobert_base,elongation,changed_only,training_program,facility,7
topic,phobert,phobert_base,elongation,full,training_program,facility,7
topic,phobert,phobert_base,elongation,changed_only,facility,lecturer,5
topic,phobert,phobert_base,elongation,changed_only,facility,training_program,5
topic,phobert,phobert_base,elongation,full,facility,lecturer,5
topic,phobert,phobert_base,elongation,full,facility,training_program,5
topic,phobert,phobert_base,elongation,changed_only,lecturer,facility,4
topic,phobert,phobert_base,elongation,full,lecturer,facility,4
topic,phobert,phobert_base,elongation,changed_only,others,facility,2
topic,phobert,phobert_base,elongation,full,others,facility,2
topic,phobert,phobert_base,mixed_noise,changed_only,lecturer,training_program,177
topic,phobert,phobert_base,mixed_noise,full,lecturer,training_program,177
topic,phobert,phobert_base,mixed_noise,full,training_program,lecturer,148
topic,phobert,phobert_base,mixed_noise,changed_only,training_program,lecturer,146
topic,phobert,phobert_base,mixed_noise,full,lecturer,others,70
topic,phobert,phobert_base,mixed_noise,changed_only,lecturer,others,69
topic,phobert,phobert_base,mixed_noise,full,others,lecturer,49
topic,phobert,phobert_base,mixed_noise,changed_only,others,lecturer,46
topic,phobert,phobert_base,mixed_noise,changed_only,training_program,others,40
topic,phobert,phobert_base,mixed_noise,full,training_program,others,40
topic,phobert,phobert_base,mixed_noise,full,others,training_program,30
topic,phobert,phobert_base,mixed_noise,changed_only,others,training_program,29
topic,phobert,phobert_base,mixed_noise,changed_only,facility,lecturer,11
topic,phobert,phobert_base,mixed_noise,full,facility,lecturer,11
topic,phobert,phobert_base,mixed_noise,changed_only,facility,training_program,8
topic,phobert,phobert_base,mixed_noise,changed_only,lecturer,facility,8
topic,phobert,phobert_base,mixed_noise,changed_only,training_program,facility,8
topic,phobert,phobert_base,mixed_noise,full,facility,training_program,8
topic,phobert,phobert_base,mixed_noise,full,lecturer,facility,8
topic,phobert,phobert_base,mixed_noise,full,training_program,facility,8
topic,phobert,phobert_base,mixed_noise,changed_only,facility,others,5
topic,phobert,phobert_base,mixed_noise,full,facility,others,5
topic,phobert,phobert_base,mixed_noise,changed_only,others,facility,2
topic,phobert,phobert_base,mixed_noise,full,others,facility,2
topic,phobert,phobert_base,no_accent,full,lecturer,others,715
topic,phobert,phobert_base,no_accent,changed_only,lecturer,others,714
topic,phobert,phobert_base,no_accent,changed_only,training_program,others,284
topic,phobert,phobert_base,no_accent,full,training_program,others,284
topic,phobert,phobert_base,no_accent,changed_only,training_program,lecturer,256
topic,phobert,phobert_base,no_accent,full,training_program,lecturer,256
topic,phobert,phobert_base,no_accent,changed_only,lecturer,training_program,205
topic,phobert,phobert_base,no_accent,full,lecturer,training_program,205
topic,phobert,phobert_base,no_accent,changed_only,facility,lecturer,80
topic,phobert,phobert_base,no_accent,full,facility,lecturer,80
topic,phobert,phobert_base,no_accent,changed_only,others,lecturer,55
topic,phobert,phobert_base,no_accent,full,others,lecturer,55
topic,phobert,phobert_base,no_accent,changed_only,facility,others,49
topic,phobert,phobert_base,no_accent,full,facility,others,49
topic,phobert,phobert_base,no_accent,changed_only,lecturer,facility,22
topic,phobert,phobert_base,no_accent,full,lecturer,facility,22
topic,phobert,phobert_base,no_accent,changed_only,facility,training_program,2
topic,phobert,phobert_base,no_accent,changed_only,others,training_program,2
topic,phobert,phobert_base,no_accent,changed_only,training_program,facility,2
topic,phobert,phobert_base,no_accent,full,facility,training_program,2
topic,phobert,phobert_base,no_accent,full,others,training_program,2
topic,phobert,phobert_base,no_accent,full,training_program,facility,2
topic,phobert,phobert_base,teencode_colloquial,full,training_program,lecturer,93
topic,phobert,phobert_base,teencode_colloquial,full,lecturer,training_program,87
topic,phobert,phobert_base,teencode_colloquial,changed_only,lecturer,training_program,47
topic,phobert,phobert_base,teencode_colloquial,full,others,lecturer,47
topic,phobert,phobert_base,teencode_colloquial,changed_only,training_program,lecturer,44
topic,phobert,phobert_base,teencode_colloquial,full,others,training_program,40
topic,phobert,phobert_base,teencode_colloquial,full,lecturer,others,21
topic,phobert,phobert_base,teencode_colloquial,changed_only,others,lecturer,19
topic,phobert,phobert_base,teencode_colloquial,changed_only,others,training_program,18
topic,phobert,phobert_base,teencode_colloquial,full,training_program,others,16
topic,phobert,phobert_base,teencode_colloquial,changed_only,training_program,others,11
topic,phobert,phobert_base,teencode_colloquial,changed_only,lecturer,others,9
topic,phobert,phobert_base,teencode_colloquial,full,training_program,facility,7
topic,phobert,phobert_base,teencode_colloquial,full,facility,lecturer,6
topic,phobert,phobert_base,teencode_colloquial,full,lecturer,facility,6
topic,phobert,phobert_base,teencode_colloquial,changed_only,lecturer,facility,4
topic,phobert,phobert_base,teencode_colloquial,changed_only,training_program,facility,3
topic,phobert,phobert_base,teencode_colloquial,full,facility,training_program,3
topic,phobert,phobert_base,teencode_colloquial,changed_only,facility,training_program,2
topic,phobert,phobert_base,teencode_colloquial,full,others,facility,2
topic,phobert,phobert_base,teencode_colloquial,changed_only,facility,lecturer,1
topic,phobert,phobert_base,teencode_colloquial,changed_only,others,facility,1
topic,phobert,phobert_base,typo,changed_only,lecturer,training_program,131
topic,phobert,phobert_base,typo,full,lecturer,training_program,131
topic,phobert,phobert_base,typo,full,training_program,lecturer,107
topic,phobert,phobert_base,typo,changed_only,training_program,lecturer,103
topic,phobert,phobert_base,typo,full,others,lecturer,51
topic,phobert,phobert_base,typo,changed_only,others,lecturer,43
topic,phobert,phobert_base,typo,full,lecturer,others,41
topic,phobert,phobert_base,typo,changed_only,lecturer,others,39
topic,phobert,phobert_base,typo,full,others,training_program,31
topic,phobert,phobert_base,typo,changed_only,others,training_program,29
topic,phobert,phobert_base,typo,full,training_program,others,25
topic,phobert,phobert_base,typo,changed_only,training_program,others,24
topic,phobert,phobert_base,typo,changed_only,lecturer,facility,10
topic,phobert,phobert_base,typo,full,lecturer,facility,10
topic,phobert,phobert_base,typo,changed_only,training_program,facility,7
topic,phobert,phobert_base,typo,full,training_program,facility,7
topic,phobert,phobert_base,typo,changed_only,facility,training_program,6
topic,phobert,phobert_base,typo,full,facility,training_program,6
topic,phobert,phobert_base,typo,changed_only,facility,lecturer,4
topic,phobert,phobert_base,typo,full,facility,lecturer,4
topic,phobert,phobert_base,typo,changed_only,others,facility,3
topic,phobert,phobert_base,typo,full,others,facility,3
topic,baseline,tfidf_char_svm,clean,full,lecturer,training_program,196
topic,baseline,tfidf_char_svm,clean,full,training_program,lecturer,100
topic,baseline,tfidf_char_svm,clean,full,lecturer,others,78
topic,baseline,tfidf_char_svm,clean,full,training_program,others,51
topic,baseline,tfidf_char_svm,clean,full,others,training_program,37
topic,baseline,tfidf_char_svm,clean,full,others,lecturer,34
topic,baseline,tfidf_char_svm,clean,full,lecturer,facility,12
topic,baseline,tfidf_char_svm,clean,full,training_program,facility,7
topic,baseline,tfidf_char_svm,clean,full,facility,training_program,5
topic,baseline,tfidf_char_svm,clean,full,facility,lecturer,4
topic,baseline,tfidf_char_svm,clean,full,facility,others,3
topic,baseline,tfidf_char_svm,clean,full,others,facility,3
topic,baseline,tfidf_char_svm,domain_abbreviation,full,lecturer,training_program,215
topic,baseline,tfidf_char_svm,domain_abbreviation,changed_only,lecturer,training_program,127
topic,baseline,tfidf_char_svm,domain_abbreviation,full,lecturer,others,121
topic,baseline,tfidf_char_svm,domain_abbreviation,full,training_program,lecturer,119
topic,baseline,tfidf_char_svm,domain_abbreviation,full,training_program,others,94
topic,baseline,tfidf_char_svm,domain_abbreviation,changed_only,training_program,lecturer,75
topic,baseline,tfidf_char_svm,domain_abbreviation,changed_only,lecturer,others,56
topic,baseline,tfidf_char_svm,domain_abbreviation,changed_only,training_program,others,56
topic,baseline,tfidf_char_svm,domain_abbreviation,full,others,training_program,36
topic,baseline,tfidf_char_svm,domain_abbreviation,full,others,lecturer,33
topic,baseline,tfidf_char_svm,domain_abbreviation,full,lecturer,facility,13
topic,baseline,tfidf_char_svm,domain_abbreviation,changed_only,others,training_program,11
topic,baseline,tfidf_char_svm,domain_abbreviation,full,facility,others,11
topic,baseline,tfidf_char_svm,domain_abbreviation,changed_only,facility,others,9
topic,baseline,tfidf_char_svm,domain_abbreviation,changed_only,others,lecturer,9
topic,baseline,tfidf_char_svm,domain_abbreviation,changed_only,lecturer,facility,7
topic,baseline,tfidf_char_svm,domain_abbreviation,full,facility,training_program,7
topic,baseline,tfidf_char_svm,domain_abbreviation,changed_only,facility,training_program,6
topic,baseline,tfidf_char_svm,domain_abbreviation,full,facility,lecturer,6
topic,baseline,tfidf_char_svm,domain_abbreviation,full,training_program,facility,6
topic,baseline,tfidf_char_svm,domain_abbreviation,changed_only,facility,lecturer,3
topic,baseline,tfidf_char_svm,domain_abbreviation,full,others,facility,3
topic,baseline,tfidf_char_svm,domain_abbreviation,changed_only,training_program,facility,2
topic,baseline,tfidf_char_svm,elongation,changed_only,lecturer,training_program,209
topic,baseline,tfidf_char_svm,elongation,full,lecturer,training_program,209
topic,baseline,tfidf_char_svm,elongation,changed_only,training_program,lecturer,96
topic,baseline,tfidf_char_svm,elongation,full,training_program,lecturer,96
topic,baseline,tfidf_char_svm,elongation,changed_only,lecturer,others,93
topic,baseline,tfidf_char_svm,elongation,full,lecturer,others,93
topic,baseline,tfidf_char_svm,elongation,changed_only,training_program,others,50
topic,baseline,tfidf_char_svm,elongation,full,training_program,others,50
topic,baseline,tfidf_char_svm,elongation,changed_only,others,training_program,38
topic,baseline,tfidf_char_svm,elongation,full,others,training_program,38
topic,baseline,tfidf_char_svm,elongation,full,others,lecturer,32
topic,baseline,tfidf_char_svm,elongation,changed_only,others,lecturer,31
topic,baseline,tfidf_char_svm,elongation,changed_only,lecturer,facility,10
topic,baseline,tfidf_char_svm,elongation,full,lecturer,facility,10
topic,baseline,tfidf_char_svm,elongation,changed_only,training_program,facility,7
topic,baseline,tfidf_char_svm,elongation,full,training_program,facility,7
topic,baseline,tfidf_char_svm,elongation,changed_only,facility,lecturer,4
topic,baseline,tfidf_char_svm,elongation,changed_only,facility,others,4
topic,baseline,tfidf_char_svm,elongation,changed_only,facility,training_program,4
topic,baseline,tfidf_char_svm,elongation,full,facility,lecturer,4
topic,baseline,tfidf_char_svm,elongation,full,facility,others,4
topic,baseline,tfidf_char_svm,elongation,full,facility,training_program,4
topic,baseline,tfidf_char_svm,elongation,changed_only,others,facility,3
topic,baseline,tfidf_char_svm,elongation,full,others,facility,3
topic,baseline,tfidf_char_svm,mixed_noise,changed_only,lecturer,training_program,258
topic,baseline,tfidf_char_svm,mixed_noise,full,lecturer,training_program,258
topic,baseline,tfidf_char_svm,mixed_noise,full,lecturer,others,145
topic,baseline,tfidf_char_svm,mixed_noise,changed_only,lecturer,others,142
topic,baseline,tfidf_char_svm,mixed_noise,changed_only,training_program,lecturer,114
topic,baseline,tfidf_char_svm,mixed_noise,full,training_program,lecturer,114
topic,baseline,tfidf_char_svm,mixed_noise,full,training_program,others,100
topic,baseline,tfidf_char_svm,mixed_noise,changed_only,training_program,others,98
topic,baseline,tfidf_char_svm,mixed_noise,changed_only,others,training_program,35
topic,baseline,tfidf_char_svm,mixed_noise,full,others,lecturer,35
topic,baseline,tfidf_char_svm,mixed_noise,full,others,training_program,35
topic,baseline,tfidf_char_svm,mixed_noise,changed_only,others,lecturer,32
topic,baseline,tfidf_char_svm,mixed_noise,changed_only,lecturer,facility,16
topic,baseline,tfidf_char_svm,mixed_noise,full,lecturer,facility,16
topic,baseline,tfidf_char_svm,mixed_noise,changed_only,facility,others,11
topic,baseline,tfidf_char_svm,mixed_noise,changed_only,facility,training_program,11
topic,baseline,tfidf_char_svm,mixed_noise,full,facility,others,11
topic,baseline,tfidf_char_svm,mixed_noise,full,facility,training_program,11
topic,baseline,tfidf_char_svm,mixed_noise,changed_only,facility,lecturer,6
topic,baseline,tfidf_char_svm,mixed_noise,changed_only,training_program,facility,6
topic,baseline,tfidf_char_svm,mixed_noise,full,facility,lecturer,6
topic,baseline,tfidf_char_svm,mixed_noise,full,training_program,facility,6
topic,baseline,tfidf_char_svm,mixed_noise,full,others,facility,2
topic,baseline,tfidf_char_svm,mixed_noise,changed_only,others,facility,1
topic,baseline,tfidf_char_svm,no_accent,full,lecturer,others,834
topic,baseline,tfidf_char_svm,no_accent,changed_only,lecturer,others,832
topic,baseline,tfidf_char_svm,no_accent,changed_only,lecturer,training_program,345
topic,baseline,tfidf_char_svm,no_accent,full,lecturer,training_program,345
topic,baseline,tfidf_char_svm,no_accent,changed_only,training_program,lecturer,218
topic,baseline,tfidf_char_svm,no_accent,full,training_program,lecturer,218
topic,baseline,tfidf_char_svm,no_accent,changed_only,training_program,others,196
topic,baseline,tfidf_char_svm,no_accent,full,training_program,others,196
topic,baseline,tfidf_char_svm,no_accent,changed_only,facility,lecturer,64
topic,baseline,tfidf_char_svm,no_accent,full,facility,lecturer,64
topic,baseline,tfidf_char_svm,no_accent,changed_only,facility,others,42
topic,baseline,tfidf_char_svm,no_accent,full,facility,others,42
topic,baseline,tfidf_char_svm,no_accent,changed_only,others,lecturer,38
topic,baseline,tfidf_char_svm,no_accent,full,others,lecturer,38
topic,baseline,tfidf_char_svm,no_accent,changed_only,others,training_program,36
topic,baseline,tfidf_char_svm,no_accent,full,others,training_program,36
topic,baseline,tfidf_char_svm,no_accent,changed_only,lecturer,facility,31
topic,baseline,tfidf_char_svm,no_accent,full,lecturer,facility,31
topic,baseline,tfidf_char_svm,no_accent,changed_only,training_program,facility,21
topic,baseline,tfidf_char_svm,no_accent,full,training_program,facility,21
topic,baseline,tfidf_char_svm,no_accent,changed_only,facility,training_program,18
topic,baseline,tfidf_char_svm,no_accent,full,facility,training_program,18
topic,baseline,tfidf_char_svm,no_accent,changed_only,others,facility,2
topic,baseline,tfidf_char_svm,no_accent,full,others,facility,2
topic,baseline,tfidf_char_svm,teencode_colloquial,full,lecturer,training_program,191
topic,baseline,tfidf_char_svm,teencode_colloquial,changed_only,lecturer,training_program,109
topic,baseline,tfidf_char_svm,teencode_colloquial,full,training_program,lecturer,105
topic,baseline,tfidf_char_svm,teencode_colloquial,full,lecturer,others,76
topic,baseline,tfidf_char_svm,teencode_colloquial,changed_only,training_program,lecturer,51
topic,baseline,tfidf_char_svm,teencode_colloquial,full,training_program,others,49
topic,baseline,tfidf_char_svm,teencode_colloquial,full,others,lecturer,36
topic,baseline,tfidf_char_svm,teencode_colloquial,full,others,training_program,36
topic,baseline,tfidf_char_svm,teencode_colloquial,changed_only,lecturer,others,35
topic,baseline,tfidf_char_svm,teencode_colloquial,changed_only,training_program,others,25
topic,baseline,tfidf_char_svm,teencode_colloquial,changed_only,others,lecturer,13
topic,baseline,tfidf_char_svm,teencode_colloquial,full,lecturer,facility,12
topic,baseline,tfidf_char_svm,teencode_colloquial,changed_only,others,training_program,11
topic,baseline,tfidf_char_svm,teencode_colloquial,changed_only,lecturer,facility,8
topic,baseline,tfidf_char_svm,teencode_colloquial,full,training_program,facility,8
topic,baseline,tfidf_char_svm,teencode_colloquial,changed_only,training_program,facility,6
topic,baseline,tfidf_char_svm,teencode_colloquial,full,facility,training_program,5
topic,baseline,tfidf_char_svm,teencode_colloquial,changed_only,facility,training_program,4
topic,baseline,tfidf_char_svm,teencode_colloquial,full,facility,lecturer,4
topic,baseline,tfidf_char_svm,teencode_colloquial,changed_only,facility,lecturer,3
topic,baseline,tfidf_char_svm,teencode_colloquial,full,facility,others,3
topic,baseline,tfidf_char_svm,teencode_colloquial,full,others,facility,3
topic,baseline,tfidf_char_svm,teencode_colloquial,changed_only,facility,others,2
topic,baseline,tfidf_char_svm,teencode_colloquial,changed_only,others,facility,2
topic,baseline,tfidf_char_svm,typo,full,lecturer,training_program,258
topic,baseline,tfidf_char_svm,typo,changed_only,lecturer,training_program,255
topic,baseline,tfidf_char_svm,typo,full,lecturer,others,142
topic,baseline,tfidf_char_svm,typo,changed_only,lecturer,others,138
topic,baseline,tfidf_char_svm,typo,full,training_program,lecturer,99
topic,baseline,tfidf_char_svm,typo,changed_only,training_program,lecturer,98
topic,baseline,tfidf_char_svm,typo,full,training_program,others,63
topic,baseline,tfidf_char_svm,typo,changed_only,training_program,others,60
topic,baseline,tfidf_char_svm,typo,full,others,training_program,39
topic,baseline,tfidf_char_svm,typo,changed_only,others,training_program,35
topic,baseline,tfidf_char_svm,typo,full,others,lecturer,35
topic,baseline,tfidf_char_svm,typo,changed_only,others,lecturer,29
topic,baseline,tfidf_char_svm,typo,changed_only,lecturer,facility,14
topic,baseline,tfidf_char_svm,typo,full,lecturer,facility,14
topic,baseline,tfidf_char_svm,typo,changed_only,facility,training_program,10
topic,baseline,tfidf_char_svm,typo,full,facility,training_program,10
topic,baseline,tfidf_char_svm,typo,changed_only,training_program,facility,9
topic,baseline,tfidf_char_svm,typo,full,training_program,facility,9
topic,baseline,tfidf_char_svm,typo,changed_only,facility,lecturer,8
topic,baseline,tfidf_char_svm,typo,full,facility,lecturer,8
topic,baseline,tfidf_char_svm,typo,changed_only,facility,others,4
topic,baseline,tfidf_char_svm,typo,full,facility,others,4
topic,baseline,tfidf_char_svm,typo,full,others,facility,2
topic,baseline,tfidf_char_svm,typo,changed_only,others,facility,1
topic,baseline,tfidf_word_svm,clean,full,lecturer,training_program,162
topic,baseline,tfidf_word_svm,clean,full,training_program,lecturer,101
topic,baseline,tfidf_word_svm,clean,full,others,training_program,45
topic,baseline,tfidf_word_svm,clean,full,lecturer,others,44
topic,baseline,tfidf_word_svm,clean,full,others,lecturer,43
topic,baseline,tfidf_word_svm,clean,full,training_program,others,28
topic,baseline,tfidf_word_svm,clean,full,facility,training_program,7
topic,baseline,tfidf_word_svm,clean,full,lecturer,facility,7
topic,baseline,tfidf_word_svm,clean,full,training_program,facility,4
topic,baseline,tfidf_word_svm,clean,full,others,facility,3
topic,baseline,tfidf_word_svm,clean,full,facility,lecturer,2
topic,baseline,tfidf_word_svm,clean,full,facility,others,2
topic,baseline,tfidf_word_svm,domain_abbreviation,full,lecturer,training_program,179
topic,baseline,tfidf_word_svm,domain_abbreviation,full,training_program,lecturer,130
topic,baseline,tfidf_word_svm,domain_abbreviation,changed_only,lecturer,training_program,104
topic,baseline,tfidf_word_svm,domain_abbreviation,changed_only,training_program,lecturer,87
topic,baseline,tfidf_word_svm,domain_abbreviation,full,lecturer,others,75
topic,baseline,tfidf_word_svm,domain_abbreviation,full,training_program,others,47
topic,baseline,tfidf_word_svm,domain_abbreviation,full,others,lecturer,42
topic,baseline,tfidf_word_svm,domain_abbreviation,full,others,training_program,42
topic,baseline,tfidf_word_svm,domain_abbreviation,changed_only,lecturer,others,34
topic,baseline,tfidf_word_svm,domain_abbreviation,changed_only,training_program,others,27
topic,baseline,tfidf_word_svm,domain_abbreviation,changed_only,others,lecturer,10
topic,baseline,tfidf_word_svm,domain_abbreviation,changed_only,others,training_program,9
topic,baseline,tfidf_word_svm,domain_abbreviation,full,lecturer,facility,9
topic,baseline,tfidf_word_svm,domain_abbreviation,full,facility,training_program,8
topic,baseline,tfidf_word_svm,domain_abbreviation,changed_only,facility,training_program,6
topic,baseline,tfidf_word_svm,domain_abbreviation,changed_only,lecturer,facility,6
topic,baseline,tfidf_word_svm,domain_abbreviation,full,facility,others,6
topic,baseline,tfidf_word_svm,domain_abbreviation,changed_only,facility,others,5
topic,baseline,tfidf_word_svm,domain_abbreviation,full,facility,lecturer,4
topic,baseline,tfidf_word_svm,domain_abbreviation,full,training_program,facility,4
topic,baseline,tfidf_word_svm,domain_abbreviation,full,others,facility,3
topic,baseline,tfidf_word_svm,domain_abbreviation,changed_only,facility,lecturer,2
topic,baseline,tfidf_word_svm,domain_abbreviation,changed_only,training_program,facility,1
topic,baseline,tfidf_word_svm,elongation,changed_only,lecturer,training_program,187
topic,baseline,tfidf_word_svm,elongation,full,lecturer,training_program,187
topic,baseline,tfidf_word_svm,elongation,changed_only,training_program,lecturer,104
topic,baseline,tfidf_word_svm,elongation,full,training_program,lecturer,104
topic,baseline,tfidf_word_svm,elongation,changed_only,lecturer,others,64
topic,baseline,tfidf_word_svm,elongation,full,lecturer,others,64
topic,baseline,tfidf_word_svm,elongation,changed_only,others,training_program,44
topic,baseline,tfidf_word_svm,elongation,full,others,training_program,44
topic,baseline,tfidf_word_svm,elongation,full,others,lecturer,42
topic,baseline,tfidf_word_svm,elongation,changed_only,others,lecturer,41
topic,baseline,tfidf_word_svm,elongation,changed_only,training_program,others,35
topic,baseline,tfidf_word_svm,elongation,full,training_program,others,35
topic,baseline,tfidf_word_svm,elongation,changed_only,facility,training_program,8
topic,baseline,tfidf_word_svm,elongation,full,facility,training_program,8
topic,baseline,tfidf_word_svm,elongation,changed_only,lecturer,facility,7
topic,baseline,tfidf_word_svm,elongation,full,lecturer,facility,7
topic,baseline,tfidf_word_svm,elongation,changed_only,training_program,facility,5
topic,baseline,tfidf_word_svm,elongation,full,training_program,facility,5
topic,baseline,tfidf_word_svm,elongation,changed_only,facility,lecturer,4
topic,baseline,tfidf_word_svm,elongation,changed_only,facility,others,4
topic,baseline,tfidf_word_svm,elongation,changed_only,others,facility,4
topic,baseline,tfidf_word_svm,elongation,full,facility,lecturer,4
topic,baseline,tfidf_word_svm,elongation,full,facility,others,4
topic,baseline,tfidf_word_svm,elongation,full,others,facility,4
topic,baseline,tfidf_word_svm,mixed_noise,full,lecturer,training_program,214
topic,baseline,tfidf_word_svm,mixed_noise,changed_only,lecturer,training_program,213
topic,baseline,tfidf_word_svm,mixed_noise,changed_only,training_program,lecturer,126
topic,baseline,tfidf_word_svm,mixed_noise,full,training_program,lecturer,126
topic,baseline,tfidf_word_svm,mixed_noise,changed_only,lecturer,others,112
topic,baseline,tfidf_word_svm,mixed_noise,full,lecturer,others,112
topic,baseline,tfidf_word_svm,mixed_noise,full,training_program,others,60
topic,baseline,tfidf_word_svm,mixed_noise,changed_only,training_program,others,59
topic,baseline,tfidf_word_svm,mixed_noise,full,others,training_program,44
topic,baseline,tfidf_word_svm,mixed_noise,changed_only,others,training_program,43
topic,baseline,tfidf_word_svm,mixed_noise,full,others,lecturer,37
topic,baseline,tfidf_word_svm,mixed_noise,changed_only,others,lecturer,34
topic,baseline,tfidf_word_svm,mixed_noise,changed_only,lecturer,facility,11
topic,baseline,tfidf_word_svm,mixed_noise,full,lecturer,facility,11
topic,baseline,tfidf_word_svm,mixed_noise,changed_only,facility,training_program,10
topic,baseline,tfidf_word_svm,mixed_noise,full,facility,training_program,10
topic,baseline,tfidf_word_svm,mixed_noise,changed_only,facility,others,7
topic,baseline,tfidf_word_svm,mixed_noise,full,facility,others,7
topic,baseline,tfidf_word_svm,mixed_noise,changed_only,facility,lecturer,6
topic,baseline,tfidf_word_svm,mixed_noise,full,facility,lecturer,6
topic,baseline,tfidf_word_svm,mixed_noise,changed_only,training_program,facility,5
topic,baseline,tfidf_word_svm,mixed_noise,full,training_program,facility,5
topic,baseline,tfidf_word_svm,mixed_noise,full,others,facility,3
topic,baseline,tfidf_word_svm,mixed_noise,changed_only,others,facility,2
topic,baseline,tfidf_word_svm,no_accent,full,lecturer,others,1257
topic,baseline,tfidf_word_svm,no_accent,changed_only,lecturer,others,1256
topic,baseline,tfidf_word_svm,no_accent,changed_only,training_program,others,257
topic,baseline,tfidf_word_svm,no_accent,full,training_program,others,257
topic,baseline,tfidf_word_svm,no_accent,changed_only,lecturer,training_program,253
topic,baseline,tfidf_word_svm,no_accent,full,lecturer,training_program,253
topic,baseline,tfidf_word_svm,no_accent,changed_only,training_program,lecturer,157
topic,baseline,tfidf_word_svm,no_accent,full,training_program,lecturer,157
topic,baseline,tfidf_word_svm,no_accent,changed_only,facility,others,71
topic,baseline,tfidf_word_svm,no_accent,full,facility,others,71
topic,baseline,tfidf_word_svm,no_accent,changed_only,facility,lecturer,43
topic,baseline,tfidf_word_svm,no_accent,full,facility,lecturer,43
topic,baseline,tfidf_word_svm,no_accent,changed_only,others,training_program,28
topic,baseline,tfidf_word_svm,no_accent,full,others,training_program,28
topic,baseline,tfidf_word_svm,no_accent,changed_only,others,lecturer,22
topic,baseline,tfidf_word_svm,no_accent,full,others,lecturer,22
topic,baseline,tfidf_word_svm,no_accent,changed_only,facility,training_program,17
topic,baseline,tfidf_word_svm,no_accent,full,facility,training_program,17
topic,baseline,tfidf_word_svm,no_accent,changed_only,lecturer,facility,12
topic,baseline,tfidf_word_svm,no_accent,full,lecturer,facility,12
topic,baseline,tfidf_word_svm,no_accent,changed_only,training_program,facility,3
topic,baseline,tfidf_word_svm,no_accent,full,training_program,facility,3
topic,baseline,tfidf_word_svm,no_accent,changed_only,others,facility,2
topic,baseline,tfidf_word_svm,no_accent,full,others,facility,2
topic,baseline,tfidf_word_svm,teencode_colloquial,full,lecturer,training_program,173
topic,baseline,tfidf_word_svm,teencode_colloquial,changed_only,lecturer,training_program,99
topic,baseline,tfidf_word_svm,teencode_colloquial,full,training_program,lecturer,91
topic,baseline,tfidf_word_svm,teencode_colloquial,full,others,training_program,48
topic,baseline,tfidf_word_svm,teencode_colloquial,changed_only,training_program,lecturer,43
topic,baseline,tfidf_word_svm,teencode_colloquial,full,others,lecturer,43
topic,baseline,tfidf_word_svm,teencode_colloquial,full,lecturer,others,39
topic,baseline,tfidf_word_svm,teencode_colloquial,full,training_program,others,26
topic,baseline,tfidf_word_svm,teencode_colloquial,changed_only,others,training_program,18
topic,baseline,tfidf_word_svm,teencode_colloquial,changed_only,lecturer,others,16
topic,baseline,tfidf_word_svm,teencode_colloquial,changed_only,others,lecturer,16
topic,baseline,tfidf_word_svm,teencode_colloquial,changed_only,training_program,others,14
topic,baseline,tfidf_word_svm,teencode_colloquial,full,facility,training_program,7
topic,baseline,tfidf_word_svm,teencode_colloquial,full,lecturer,facility,6
topic,baseline,tfidf_word_svm,teencode_colloquial,changed_only,facility,training_program,4
topic,baseline,tfidf_word_svm,teencode_colloquial,changed_only,lecturer,facility,4
topic,baseline,tfidf_word_svm,teencode_colloquial,full,training_program,facility,4
topic,baseline,tfidf_word_svm,teencode_colloquial,changed_only,training_program,facility,3
topic,baseline,tfidf_word_svm,teencode_colloquial,full,facility,lecturer,2
topic,baseline,tfidf_word_svm,teencode_colloquial,full,facility,others,2
topic,baseline,tfidf_word_svm,teencode_colloquial,full,others,facility,2
topic,baseline,tfidf_word_svm,teencode_colloquial,changed_only,facility,lecturer,1
topic,baseline,tfidf_word_svm,teencode_colloquial,changed_only,facility,others,1
topic,baseline,tfidf_word_svm,teencode_colloquial,changed_only,others,facility,1
topic,baseline,tfidf_word_svm,typo,full,lecturer,training_program,196
topic,baseline,tfidf_word_svm,typo,changed_only,lecturer,training_program,193
topic,baseline,tfidf_word_svm,typo,full,training_program,lecturer,105
topic,baseline,tfidf_word_svm,typo,changed_only,training_program,lecturer,102
topic,baseline,tfidf_word_svm,typo,changed_only,lecturer,others,88
topic,baseline,tfidf_word_svm,typo,full,lecturer,others,88
topic,baseline,tfidf_word_svm,typo,full,others,training_program,43
topic,baseline,tfidf_word_svm,typo,full,others,lecturer,42
topic,baseline,tfidf_word_svm,typo,changed_only,others,training_program,36
topic,baseline,tfidf_word_svm,typo,changed_only,others,lecturer,35
topic,baseline,tfidf_word_svm,typo,full,training_program,others,32
topic,baseline,tfidf_word_svm,typo,changed_only,training_program,others,31
topic,baseline,tfidf_word_svm,typo,changed_only,facility,training_program,13
topic,baseline,tfidf_word_svm,typo,full,facility,training_program,13
topic,baseline,tfidf_word_svm,typo,changed_only,lecturer,facility,8
topic,baseline,tfidf_word_svm,typo,full,lecturer,facility,8
topic,baseline,tfidf_word_svm,typo,changed_only,facility,lecturer,4
topic,baseline,tfidf_word_svm,typo,changed_only,training_program,facility,4
topic,baseline,tfidf_word_svm,typo,full,facility,lecturer,4
topic,baseline,tfidf_word_svm,typo,full,training_program,facility,4
topic,baseline,tfidf_word_svm,typo,changed_only,facility,others,3
topic,baseline,tfidf_word_svm,typo,full,facility,others,3
topic,baseline,tfidf_word_svm,typo,full,others,facility,3
topic,baseline,tfidf_word_svm,typo,changed_only,others,facility,2
